filename,width,height,class,xmin,ymin,xmax,ymax
10 Puzzle Piece Charms Silver Puzzle....jpg,1014,1014,puzzle piece,211,293,780,686
10 Puzzle piece template ideas _ puzzle....jpg,500,386,puzzle piece,53,18,444,332
109_137 BEST Puzzle Template IMAGES....jpg,851,360,puzzle piece,340,42,510,153
109_137 BEST Puzzle Template IMAGES....jpg,851,360,puzzle piece,528,42,640,184
109_137 BEST Puzzle Template IMAGES....jpg,851,360,puzzle piece,661,42,801,157
109_137 BEST Puzzle Template IMAGES....jpg,851,360,puzzle piece,686,165,802,335
109_137 BEST Puzzle Template IMAGES....jpg,851,360,puzzle piece,501,194,673,310
109_137 BEST Puzzle Template IMAGES....jpg,851,360,puzzle piece,368,165,480,340
109_137 BEST Puzzle Template IMAGES....jpg,851,360,puzzle piece,31,176,214,284
109_137 BEST Puzzle Template IMAGES....jpg,851,360,puzzle piece,174,146,287,307
109_137 BEST Puzzle Template IMAGES....jpg,851,360,puzzle piece,148,71,317,187
109_137 BEST Puzzle Template IMAGES....jpg,851,360,puzzle piece,71,42,188,215
19 Printable Puzzle Piece Templates ᐅ... (1).jpg,1932,2500,puzzle piece,112,750,891,1653
19 Printable Puzzle Piece Templates ᐅ... (1).jpg,1932,2500,puzzle piece,685,592,1273,1868
19 Printable Puzzle Piece Templates ᐅ... (1).jpg,1932,2500,puzzle piece,1182,783,1827,1671
19 Printable Puzzle Piece Templates ᐅ... (1).jpg,1932,2500,puzzle piece,497,80,1500,925
19 Printable Puzzle Piece Templates ᐅ... (2).jpg,2500,1877,puzzle piece,401,522,1317,1246
19 Printable Puzzle Piece Templates ᐅ....jpg,900,1165,puzzle piece,177,214,597,540
30_ Printable Puzzle Piece Templates... (1).jpg,220,220,puzzle piece,13,14,83,74
30_ Printable Puzzle Piece Templates... (1).jpg,220,220,puzzle piece,79,17,135,72
30_ Printable Puzzle Piece Templates... (1).jpg,220,220,puzzle piece,134,20,200,71
30_ Printable Puzzle Piece Templates... (1).jpg,220,220,puzzle piece,148,74,199,153
30_ Printable Puzzle Piece Templates... (1).jpg,220,220,puzzle piece,135,153,200,204
30_ Printable Puzzle Piece Templates... (1).jpg,220,220,puzzle piece,82,153,135,206
30_ Printable Puzzle Piece Templates... (1).jpg,220,220,puzzle piece,17,152,82,206
30_ Printable Puzzle Piece Templates... (1).jpg,220,220,puzzle piece,16,73,69,154
30_ Printable Puzzle Piece Templates... (1).jpg,220,220,puzzle piece,71,74,149,152
30_ Printable Puzzle Piece Templates....jpg,220,222,puzzle piece,5,2,219,221
4_498 BEST Single Puzzle Piece IMAGES... (1).jpg,540,360,puzzle piece,126,49,427,289
4_498 BEST Single Puzzle Piece IMAGES....jpg,463,360,puzzle piece,125,125,233,225
4_498 BEST Single Puzzle Piece IMAGES....jpg,463,360,puzzle piece,223,128,329,236
4_503 BEST Single Puzzle Piece IMAGES....jpg,540,360,puzzle piece,45,31,476,321
6 Piece Puzzle PowerPoint Templates w....jpg,275,206,puzzle piece,18,1,126,124
6 Piece Puzzle PowerPoint Templates w....jpg,275,206,puzzle piece,95,1,197,121
6 Piece Puzzle PowerPoint Templates w....jpg,275,206,puzzle piece,163,1,256,111
6 Piece Puzzle PowerPoint Templates w....jpg,275,206,puzzle piece,150,73,254,197
6 Piece Puzzle PowerPoint Templates w....jpg,275,206,puzzle piece,92,91,186,195
6 Piece Puzzle PowerPoint Templates w....jpg,275,206,puzzle piece,16,89,125,177
Amazon.com_ Jigsaw Puzzles 1000 Pieces ....jpg,300,300,puzzle piece,51,18,300,207
Amazon.com_ Single Jigsaw Puzzle Piece ....jpg,2560,2197,puzzle piece,61,406,1499,1669
Amazon.com_ Single Jigsaw Puzzle Piece ....jpg,2560,2197,puzzle piece,1505,433,2313,1112
Amazon.com_ Single Jigsaw Puzzle Piece ....jpg,2560,2197,puzzle piece,1643,1166,2126,1588
Assorted Puzzle Pieces - Walmart.com.jpeg,518,648,puzzle piece,153,245,272,418
Assorted Puzzle Pieces - Walmart.com.jpeg,518,648,puzzle piece,233,273,408,383
autism puzzle piece font.png,500,387,puzzle piece,138,3,368,226
Autism Puzzle Piece Symbol - Autism....png,840,660,puzzle piece,228,150,489,497
autism puzzle piece.jpg,402,596,puzzle piece,1,15,396,596
Award Trophy _ Plaque with Projected....jpg,300,300,puzzle piece,46,4,167,133
B&O Tax for Auburn Businesses_ Here_s....png,697,431,puzzle piece,36,44,356,315
B&O Tax for Auburn Businesses_ Here_s....png,697,431,puzzle piece,330,155,678,420
Benefits Puzzle - Michigan.png,1119,563,puzzle piece,13,19,257,269
Benefits Puzzle - Michigan.png,1119,563,puzzle piece,247,17,538,255
Benefits Puzzle - Michigan.png,1119,563,puzzle piece,556,64,853,333
Benefits Puzzle - Michigan.png,1119,563,puzzle piece,839,10,1078,300
Benefits Puzzle - Michigan.png,1119,563,puzzle piece,856,302,1111,539
Benefits Puzzle - Michigan.png,1119,563,puzzle piece,595,309,857,557
Benefits Puzzle - Michigan.png,1119,563,puzzle piece,274,225,558,505
Benefits Puzzle - Michigan.png,1119,563,puzzle piece,55,263,271,542
Best Personalized Puzzle Piece Keychain....jpg,354,354,puzzle piece,70,141,282,262
Blank Puzzle Piece Template - Free....jpg,927,1200,puzzle piece,303,354,654,752
Blank Puzzle Piece Template Clipart....png,320,213,puzzle piece,53,3,277,197
Blank Puzzle Pieces to Draw on for Kids....jpeg,500,500,puzzle piece,51,140,103,192
Blank Puzzle Pieces to Draw on for Kids....jpeg,500,500,puzzle piece,56,179,104,238
Blank Puzzle Pieces to Draw on for Kids....jpeg,500,500,puzzle piece,61,216,117,269
Blank Puzzle Pieces to Draw on for Kids....jpeg,500,500,puzzle piece,61,245,120,321
Chris Giza on Twitter_ _Contributors to....jpg,1200,1048,puzzle piece,378,83,836,617
Clip Art of an Orange Person Standing....jpg,1024,1044,puzzle piece,387,70,643,395
clipart separate puzzle piece - Clip....png,600,600,puzzle piece,600,80,600,600
clipart separate puzzle piece - Clip....png,600,600,puzzle piece,1,7,600,600
colorful puzzle Royalty Free Vector Image.jpg,800,1080,puzzle piece,2,5,179,200
colorful puzzle Royalty Free Vector Image.jpg,800,1080,puzzle piece,182,3,376,211
colorful puzzle Royalty Free Vector Image.jpg,800,1080,puzzle piece,386,11,587,211
colorful puzzle Royalty Free Vector Image.jpg,800,1080,puzzle piece,595,15,789,176
colorful puzzle Royalty Free Vector Image.jpg,800,1080,puzzle piece,625,176,791,374
colorful puzzle Royalty Free Vector Image.jpg,800,1080,puzzle piece,386,213,613,415
colorful puzzle Royalty Free Vector Image.jpg,800,1080,puzzle piece,216,211,373,413
colorful puzzle Royalty Free Vector Image.jpg,800,1080,puzzle piece,11,209,212,393
colorful puzzle Royalty Free Vector Image.jpg,800,1080,puzzle piece,8,381,183,581
colorful puzzle Royalty Free Vector Image.jpg,800,1080,puzzle piece,183,413,417,591
colorful puzzle Royalty Free Vector Image.jpg,800,1080,puzzle piece,412,416,624,577
colorful puzzle Royalty Free Vector Image.jpg,800,1080,puzzle piece,624,381,787,616
colorful puzzle Royalty Free Vector Image.jpg,800,1080,puzzle piece,9,586,221,821
colorful puzzle Royalty Free Vector Image.jpg,800,1080,puzzle piece,207,578,385,826
colorful puzzle Royalty Free Vector Image.jpg,800,1080,puzzle piece,383,586,590,794
colorful puzzle Royalty Free Vector Image.jpg,800,1080,puzzle piece,583,609,786,789
colorful puzzle Royalty Free Vector Image.jpg,800,1080,puzzle piece,11,826,217,994
colorful puzzle Royalty Free Vector Image.jpg,800,1080,puzzle piece,220,821,418,999
colorful puzzle Royalty Free Vector Image.jpg,800,1080,puzzle piece,413,786,587,995
colorful puzzle Royalty Free Vector Image.jpg,800,1080,puzzle piece,591,790,789,996
Connecting Puzzle Piece - Blue Soda Promo.jpg,700,700,puzzle piece,67,69,365,284
Connecting Puzzle Piece - Blue Soda Promo.jpg,700,700,puzzle piece,277,7,544,243
Connecting Puzzle Piece - Blue Soda Promo.jpg,700,700,puzzle piece,325,161,649,422
Connecting Puzzle Piece - Blue Soda Promo.jpg,700,700,puzzle piece,344,413,630,691
Connecting Puzzle Piece - Blue Soda Promo.jpg,700,700,puzzle piece,150,203,423,510
Create Puzzle Pieces in PowerPoint....jpg,300,325,puzzle piece,10,34,153,233
cricut_ Puzzle piece SVG file_ Jigsaw....jpg,5000,4000,puzzle piece,881,31,1860,915
cricut_ Puzzle piece SVG file_ Jigsaw....jpg,5000,4000,puzzle piece,1928,10,3086,810
cricut_ Puzzle piece SVG file_ Jigsaw....jpg,5000,4000,puzzle piece,3171,15,3976,805
cricut_ Puzzle piece SVG file_ Jigsaw....jpg,5000,4000,puzzle piece,4034,47,4986,952
cricut_ Puzzle piece SVG file_ Jigsaw....jpg,5000,4000,puzzle piece,34,905,797,2005
cricut_ Puzzle piece SVG file_ Jigsaw....jpg,5000,4000,puzzle piece,876,1005,1849,1889
cricut_ Puzzle piece SVG file_ Jigsaw....jpg,5000,4000,puzzle piece,1960,947,2907,1873
cricut_ Puzzle piece SVG file_ Jigsaw....jpg,5000,4000,puzzle piece,3039,868,3960,1894
cricut_ Puzzle piece SVG file_ Jigsaw....jpg,5000,4000,puzzle piece,4065,1089,4981,1821
cricut_ Puzzle piece SVG file_ Jigsaw....jpg,5000,4000,puzzle piece,34,2147,776,2905
cricut_ Puzzle piece SVG file_ Jigsaw....jpg,5000,4000,puzzle piece,886,1963,1834,2915
cricut_ Puzzle piece SVG file_ Jigsaw....jpg,5000,4000,puzzle piece,1955,1921,2965,2899
cricut_ Puzzle piece SVG file_ Jigsaw....jpg,5000,4000,puzzle piece,3018,1989,4139,3105
cricut_ Puzzle piece SVG file_ Jigsaw....jpg,5000,4000,puzzle piece,4207,1952,4971,2936
cricut_ Puzzle piece SVG file_ Jigsaw....jpg,5000,4000,puzzle piece,18,3052,855,3952
cricut_ Puzzle piece SVG file_ Jigsaw....jpg,5000,4000,puzzle piece,886,3057,1886,3910
cricut_ Puzzle piece SVG file_ Jigsaw....jpg,5000,4000,puzzle piece,1955,2989,2928,3952
cricut_ Puzzle piece SVG file_ Jigsaw....jpg,5000,4000,puzzle piece,3002,3152,4160,3978
cricut_ Puzzle piece SVG file_ Jigsaw....jpg,5000,4000,puzzle piece,4223,2973,5000,3973
File_Puzzle-piece.jpg - Wikimedia Commons.jpg,750,563,puzzle piece,1,285,505,486
File_Puzzle-piece.jpg - Wikimedia Commons.jpg,750,563,puzzle piece,446,244,750,454
File_Puzzle-piece.jpg - Wikimedia Commons.jpg,750,563,puzzle piece,243,101,544,259
Flow chart with eight separate puzzle....png,731,411,puzzle piece,208,66,362,208
Flow chart with eight separate puzzle....png,731,411,puzzle piece,385,87,530,226
Flow chart with eight separate puzzle....png,731,411,puzzle piece,367,227,526,368
Flow chart with eight separate puzzle....png,731,411,puzzle piece,204,213,344,363
Flow chart with four separate puzzle pieces.png,731,411,puzzle piece,23,81,194,252
Flow chart with four separate puzzle pieces.png,731,411,puzzle piece,210,88,375,242
Flow chart with four separate puzzle pieces.png,731,411,puzzle piece,387,96,548,245
Flow chart with four separate puzzle pieces.png,731,411,puzzle piece,569,92,721,239
FREE 6_ Puzzle Pieces in PSD _ EPS.jpg,580,426,puzzle piece,21,8,276,199
FREE 6_ Puzzle Pieces in PSD _ EPS.jpg,580,426,puzzle piece,327,11,562,189
FREE 6_ Puzzle Pieces in PSD _ EPS.jpg,580,426,puzzle piece,301,227,571,407
Free art print of Puzzle Solutions....jpg,561,471,puzzle piece,214,124,322,226
Free art print of Single Puzzle Piece... (1).jpg,561,397,puzzle piece,233,122,346,235
Free art print of Single Puzzle Piece... (1).jpg,561,397,puzzle piece,19,164,127,258
Free art print of Single Puzzle Piece... (1).jpg,561,397,puzzle piece,7,34,105,136
Free art print of Single Puzzle Piece... (1).jpg,561,397,puzzle piece,133,7,248,89
Free art print of Single Puzzle Piece... (1).jpg,561,397,puzzle piece,56,250,163,352
Free art print of Single Puzzle Piece... (1).jpg,561,397,puzzle piece,486,230,561,320
Free art print of Single Puzzle Piece... (1).jpg,561,397,puzzle piece,431,1,535,94
Free art print of Single Puzzle Piece....jpg,561,471,puzzle piece,226,159,360,270
Free art print of Single Puzzle Piece....jpg,561,471,puzzle piece,435,24,546,106
Free art print of Single Puzzle Piece....jpg,561,471,puzzle piece,135,32,251,118
Free art print of Single Puzzle Piece....jpg,561,471,puzzle piece,29,199,114,316
Free art print of Single Puzzle Piece....jpg,561,471,puzzle piece,52,302,165,396
Free art print of Single Puzzle Piece....jpg,561,471,puzzle piece,51,33,136,118
Free Jigsaw Puzzle Piece PSD and....jpg,639,270,puzzle piece,264,23,383,130
Free Jigsaw Puzzle Piece PSD and....jpg,639,270,puzzle piece,391,27,486,139
Free Jigsaw Puzzle Piece PSD and....jpg,639,270,puzzle piece,505,25,604,129
Free Jigsaw Puzzle Piece PSD and....jpg,639,270,puzzle piece,502,122,608,254
Free Jigsaw Puzzle Piece PSD and....jpg,639,270,puzzle piece,376,142,502,242
Free Jigsaw Puzzle Piece PSD and....jpg,639,270,puzzle piece,271,119,362,252
Free Puzzle Clipart Pictures - Clipartix.png,600,600,puzzle piece,4,31,600,589
Free Single Puzzle Piece Art Prints and....jpg,269,194,puzzle piece,57,34,224,117
Free Vector Puzzle Pieces_ Download....jpg,1024,702,puzzle piece,3,3,1020,702
Full page of colorful Autism puzzle....jpg,435,371,puzzle piece,78,37,152,117
Full page of colorful Autism puzzle....jpg,435,371,puzzle piece,167,40,258,125
Full page of colorful Autism puzzle....jpg,435,371,puzzle piece,295,46,374,122
Full page of colorful Autism puzzle....jpg,435,371,puzzle piece,296,129,380,198
Full page of colorful Autism puzzle....jpg,435,371,puzzle piece,310,219,384,284
Full page of colorful Autism puzzle....jpg,435,371,puzzle piece,173,231,234,278
Full page of colorful Autism puzzle....jpg,435,371,puzzle piece,63,231,129,267
GIFT-FEED_ The Jigsaw Puzzle Coffee Table.jpg,600,600,puzzle piece,99,27,504,497
Glowing Giant Puzzle Pieces - Instructables.jpg,320,427,puzzle piece,50,57,166,221
Glowing Giant Puzzle Pieces - Instructables.jpg,320,427,puzzle piece,121,83,261,201
Green Border Puzzle Piece Clip Art At....png,200,200,puzzle piece,1,3,200,196
Holding a Blank Jigsaw Piece - License....jpg,1120,1680,puzzle piece,279,146,810,824
How jigsaw puzzle is made - material....jpg,376,354,puzzle piece,119,201,234,241
Icons_ Vectors & Videos _ Freestock.jpg,250,219,puzzle piece,18,33,243,194
Individual jigsaw piece Stock Photo by....jpg,1024,680,puzzle piece,436,204,829,428
Individual jigsaw piece Stock Photo by....jpg,1024,680,puzzle piece,163,349,489,482
Individual jigsaw piece Stock Photo by....jpg,1024,680,puzzle piece,13,454,367,598
Individual jigsaw piece Stock Photo by....jpg,1024,680,puzzle piece,422,447,736,577
Individual jigsaw piece Stock Photo by....jpg,1024,680,puzzle piece,381,13,619,217
Individual Juggling Puzzle Pieces....jpg,960,720,puzzle piece,123,339,247,387
Individual Juggling Puzzle Pieces....jpg,960,720,puzzle piece,815,426,908,518
Individual Juggling Puzzle Pieces....jpg,960,720,puzzle piece,854,368,946,464
Individual Juggling Puzzle Pieces....jpg,960,720,puzzle piece,819,299,889,392
Individual Juggling Puzzle Pieces....jpg,960,720,puzzle piece,9,296,112,364
Individual Juggling Puzzle Pieces....jpg,960,720,puzzle piece,370,414,488,462
Individual Juggling Puzzle Pieces....jpg,960,720,puzzle piece,552,419,659,485
photo editor picture convert....jpg,347,280,puzzle piece,39,5,300,236
Puzzle Piece Clip Art at Clker.com ....svg,640,480,puzzle piece,39,25,633,453
Puzzle Piece Friendship Necklaces 20....jpg,769,768,puzzle piece,24,179,339,520
Puzzle Piece Icon - 13100 - Dryicons.jpg,612,529,puzzle piece,220,117,357,288
Puzzle Piece Icon - 13100 - Dryicons.jpg,612,529,puzzle piece,453,3,601,118
Puzzle Piece Icon - 13100 - Dryicons.jpg,612,529,puzzle piece,472,127,598,290
Puzzle Piece Icon - 13100 - Dryicons.jpg,612,529,puzzle piece,474,377,602,523
Puzzle Piece Icon - 13100 - Dryicons.jpg,612,529,puzzle piece,86,400,231,526
Puzzle Piece Icon Individual Connecting... (1).jpg,960,720,puzzle piece,466,142,658,307
Puzzle Piece Icon Individual Connecting... (1).jpg,960,720,puzzle piece,781,155,930,348
Puzzle Piece Icon Individual Connecting... (1).jpg,960,720,puzzle piece,741,459,929,612
Puzzle Piece Icon Individual Connecting... (1).jpg,960,720,puzzle piece,486,434,625,601
Puzzle Piece Icon Individual Connecting....jpg,960,720,puzzle piece,192,159,442,356
Puzzle Piece Icon Individual Connecting....jpg,960,720,puzzle piece,26,176,195,372
Puzzle Piece Icon Individual Connecting....jpg,960,720,puzzle piece,1,335,227,546
Puzzle Piece Icon Individual Connecting....jpg,960,720,puzzle piece,185,349,349,554
Puzzle Piece Icons - Download Free....png,200,200,puzzle piece,15,12,190,187
Puzzle Piece Nail Art - Autism....jpg,570,570,puzzle piece,177,199,384,365
Puzzle Piece Outline _ Etsy.jpg,340,270,puzzle piece,125,38,170,100
Puzzle Piece Outline _ Etsy.jpg,340,270,puzzle piece,171,42,224,104
Puzzle Piece Outline _ Etsy.jpg,340,270,puzzle piece,227,48,282,104
Puzzle Piece Outline _ Etsy.jpg,340,270,puzzle piece,280,40,326,101
Puzzle Piece Outline _ Etsy.jpg,340,270,puzzle piece,62,39,118,107
Puzzle Piece Outline _ Etsy.jpg,340,270,puzzle piece,12,47,60,101
Puzzle Piece Outline _ Etsy.jpg,340,270,puzzle piece,32,122,92,201
Puzzle Piece Outline _ Etsy.jpg,340,270,puzzle piece,251,115,309,196
Puzzle Piece Puzzle Clip Art Image....png,320,329,puzzle piece,12,6,313,318
Puzzle Piece Red Stock Vector (Royalty....jpg,260,280,puzzle piece,15,15,235,224
Puzzle Piece Silver & Brass Ring _ Etsy.jpg,1142,1142,puzzle piece,463,318,706,562
Puzzle Piece Stock Footage _ Royalty... (1).webp,480,270,puzzle piece,95,1,384,237
Puzzle Piece Stock Footage _ Royalty....webp,1920,1080,puzzle piece,535,10,1609,1080
Puzzle Pieces for July - Aromas and Art.jpg,640,640,puzzle piece,150,302,416,508
Puzzle Pieces for July - Aromas and Art.jpg,640,640,puzzle piece,3,165,184,285
Puzzle Pieces for July - Aromas and Art.jpg,640,640,puzzle piece,39,227,264,368
Puzzle Pieces stock vector....jpg,1300,1390,puzzle piece,454,104,900,416
Puzzle Pieces stock vector....jpg,1300,1390,puzzle piece,968,113,1259,431
Puzzle Pieces stock vector....jpg,1300,1390,puzzle piece,944,445,1273,842
Puzzle Pieces stock vector....jpg,1300,1390,puzzle piece,879,857,1264,1252
Puzzle Pieces stock vector....jpg,1300,1390,puzzle piece,429,918,861,1250
Puzzle Pieces stock vector....jpg,1300,1390,puzzle piece,32,935,408,1260
Puzzle Pieces stock vector....jpg,1300,1390,puzzle piece,35,440,425,823
Puzzle Pieces stock vector....jpg,1300,1390,puzzle piece,52,55,330,421
Puzzle pieces together isolated over a....jpg,183,250,puzzle piece,7,10,139,216
Puzzle Pieces Vector Set Separate....jpg,1024,433,puzzle piece,414,49,611,190
Puzzle Pieces_ Vector File Very Easy To....jpg,1265,1300,puzzle piece,695,683,1265,1300
Puzzle Template Puzzle Pieces Vector... (1).jpg,612,612,puzzle piece,114,77,322,360
Puzzle Template Puzzle Pieces Vector... (1).jpg,612,612,puzzle piece,258,90,527,336
Quotes about Puzzle piece (78 quotes).png,400,293,puzzle piece,111,90,210,189
separate pieces Royalty Free Vector Image.jpg,800,1080,puzzle piece,7,4,224,213
Shutterstock - PuzzlePix (1).jpg,450,210,puzzle piece,170,11,274,77
Single golden puzzle piece standing....jpg,335,254,puzzle piece,24,16,319,213
Single jigsaw puzzle piece on wooden....jpg,1300,956,puzzle piece,479,219,765,633
Single Puzzle Part PowerPoint Template....jpg,450,338,puzzle piece,300,135,450,326
single puzzle piece - Tattoo.com.jpg,570,475,puzzle piece,128,46,440,347
Single Puzzle Piece Clip Art - Royalty... (1).jpg,188,194,puzzle piece,38,31,152,125
Single Puzzle Piece Clip Art - Royalty... (2).jpg,180,195,puzzle piece,35,29,111,111
Single Puzzle Piece Clip Art - Royalty....jpg,179,194,puzzle piece,23,23,160,151
Single Puzzle Piece Clip Art at Clker....png,600,407,puzzle piece,9,59,292,226
Single Puzzle Piece Images_ Stock... (1).jpg,360,280,puzzle piece,162,37,261,109
Single Puzzle Piece Images_ Stock... (1).jpg,360,280,puzzle piece,193,108,317,216
Single Puzzle Piece Images_ Stock... (1).jpg,360,280,puzzle piece,46,101,153,217
Single Puzzle Piece Images_ Stock....jpg,390,280,puzzle piece,88,52,182,147
Single Puzzle Piece Isolated on White....jpg,1300,1233,puzzle piece,114,70,1219,1038
Single Puzzle Piece On A Light Blue....jpg,1300,850,puzzle piece,244,76,1089,759
single puzzle piece on blue background.jpg,626,417,puzzle piece,81,121,301,302
Single Puzzle Piece Stock Photo by....jpg,1023,682,puzzle piece,229,235,829,588
Single puzzle piece stock photo. Image ....jpg,800,617,puzzle piece,302,53,720,430
Single puzzle piece _ Stock image....jpg,800,533,puzzle piece,161,65,658,469
Single puzzle piece — ideas_ colorful....jpg,600,400,puzzle piece,240,98,527,339
